{"cameraMode":{"drawMode":0,"name":"Shaded","section":"Shading Mode"},"sceneLighting":true,"audioPlay":false,"sceneViewState":{"showFog":false,"showMaterialUpdate":false,"showSkybox":false,"showFlares":false,"showImageEffects":false,"showParticleSystems":false},"in2DMode":false,"pivot":{"x":29.7298641204834,"y":28.703052520751954,"z":28.686138153076173},"rotation":{"x":-0.004527123179286718,"y":0.9837913513183594,"z":-0.17749592661857606,"w":-0.025092119351029397},"size":107.36091613769531,"orthographic":false}