{"cameraMode":{"drawMode":0,"name":"Shaded","section":"Shading Mode"},"sceneLighting":false,"audioPlay":false,"sceneViewState":{"showFog":true,"showMaterialUpdate":false,"showSkybox":false,"showFlares":true,"showImageEffects":true,"showParticleSystems":true},"in2DMode":false,"pivot":{"x":-0.7021946907043457,"y":1.7065268754959107,"z":1.0767114162445069},"rotation":{"x":0.010348942130804062,"y":0.7787230610847473,"z":-0.012850096449255944,"w":0.6271514892578125},"size":9.216830253601075,"orthographic":false}