{"cameraMode":{"drawMode":0,"name":"Shaded","section":"Shading Mode"},"sceneLighting":false,"audioPlay":false,"sceneViewState":{"showFog":true,"showMaterialUpdate":false,"showSkybox":false,"showFlares":true,"showImageEffects":true,"showParticleSystems":true},"in2DMode":false,"pivot":{"x":-0.32294273376464846,"y":0.33480095863342287,"z":-0.4304548501968384},"rotation":{"x":-0.10260850191116333,"y":-0.7469749450683594,"z":0.11863108724355698,"w":-0.6460864543914795},"size":4.431471347808838,"orthographic":false}