{"cameraMode":{"drawMode":0,"name":"Shaded","section":"Shading Mode"},"sceneLighting":true,"audioPlay":false,"sceneViewState":{"showFog":true,"showMaterialUpdate":false,"showSkybox":false,"showFlares":true,"showImageEffects":true,"showParticleSystems":true},"in2DMode":false,"pivot":{"x":22.54131317138672,"y":34.92179870605469,"z":57.280181884765628},"rotation":{"x":-0.06127648055553436,"y":-0.7701293230056763,"z":0.074869804084301,"w":-0.6305513978004456},"size":18.8955020904541,"orthographic":false}