{"cameraMode":{"drawMode":0,"name":"Shaded","section":"Shading Mode"},"sceneLighting":true,"audioPlay":false,"sceneViewState":{"showFog":true,"showMaterialUpdate":false,"showSkybox":true,"showFlares":true,"showImageEffects":true,"showParticleSystems":true},"in2DMode":false,"pivot":{"x":45.172882080078128,"y":23.764732360839845,"z":149.30728149414063},"rotation":{"x":-0.1225309818983078,"y":-0.5179416537284851,"z":0.07526102662086487,"w":-0.8432547450065613},"size":226.3497314453125,"orthographic":false}