{"cameraMode":{"drawMode":0,"name":"Shaded","section":"Shading Mode"},"sceneLighting":false,"audioPlay":false,"sceneViewState":{"showFog":true,"showMaterialUpdate":false,"showSkybox":false,"showFlares":true,"showImageEffects":true,"showParticleSystems":true},"in2DMode":false,"pivot":{"x":-0.93153977394104,"y":0.10494861006736756,"z":-0.6432676315307617},"rotation":{"x":-0.024780500680208207,"y":0.887082040309906,"z":-0.04794921353459358,"w":-0.4584484100341797},"size":4.293367862701416,"orthographic":false}