{"cameraMode":{"drawMode":0,"name":"Shaded","section":"Shading Mode"},"sceneLighting":true,"audioPlay":false,"sceneViewState":{"showFog":false,"showMaterialUpdate":false,"showSkybox":false,"showFlares":false,"showImageEffects":false,"showParticleSystems":false},"in2DMode":false,"pivot":{"x":1.3280372619628907,"y":2.3735122680664064,"z":27.160030364990236},"rotation":{"x":-0.003008629195392132,"y":0.7436339855194092,"z":0.0033464005682617428,"w":0.6685718894004822},"size":79.01378631591797,"orthographic":false}