{"cameraMode":{"drawMode":0,"name":"Shaded","section":"Shading Mode"},"sceneLighting":true,"audioPlay":false,"sceneViewState":{"showFog":false,"showMaterialUpdate":false,"showSkybox":false,"showFlares":false,"showImageEffects":false,"showParticleSystems":false},"in2DMode":false,"pivot":{"x":-8.136284828186036,"y":6.257264137268066,"z":29.724658966064454},"rotation":{"x":-0.003008629195392132,"y":0.7436339855194092,"z":0.0033464005682617428,"w":0.6685718894004822},"size":61.04152297973633,"orthographic":false}