{"cameraMode":{"drawMode":0,"name":"Shaded","section":"Shading Mode"},"sceneLighting":true,"audioPlay":false,"sceneViewState":{"showFog":false,"showMaterialUpdate":false,"showSkybox":false,"showFlares":false,"showImageEffects":false,"showParticleSystems":false},"in2DMode":false,"pivot":{"x":-54.83037567138672,"y":77.30463409423828,"z":186.49459838867188},"rotation":{"x":0.2346968650817871,"y":0.18671509623527528,"z":-0.045989517122507098,"w":0.9528616070747376},"size":537.145263671875,"orthographic":false}