{"cameraMode":{"drawMode":0,"name":"Shaded","section":"Shading Mode"},"sceneLighting":true,"audioPlay":false,"sceneViewState":{"showFog":false,"showMaterialUpdate":false,"showSkybox":false,"showFlares":false,"showImageEffects":false,"showParticleSystems":false},"in2DMode":false,"pivot":{"x":-88.64479064941406,"y":26.80567169189453,"z":154.85491943359376},"rotation":{"x":0.1944584846496582,"y":-0.5298308730125427,"z":0.1262940615415573,"w":0.8157942891120911},"size":27.510677337646486,"orthographic":false}