{"cameraMode":{"drawMode":0,"name":"Shaded","section":"Shading Mode"},"sceneLighting":true,"audioPlay":false,"sceneViewState":{"showFog":true,"showMaterialUpdate":false,"showSkybox":true,"showFlares":true,"showImageEffects":true,"showParticleSystems":true},"in2DMode":false,"pivot":{"x":-172.16815185546876,"y":-28.622512817382814,"z":116.43061828613281},"rotation":{"x":-0.1227177307009697,"y":0.6371316909790039,"z":-0.10375545918941498,"w":-0.7538429498672485},"size":242.69967651367188,"orthographic":false}