{"cameraMode":{"drawMode":0,"name":"Shaded","section":"Shading Mode"},"sceneLighting":true,"audioPlay":false,"sceneViewState":{"showFog":true,"showMaterialUpdate":false,"showSkybox":true,"showFlares":true,"showImageEffects":true,"showParticleSystems":true},"in2DMode":false,"pivot":{"x":80.15226745605469,"y":5.743879318237305,"z":18.147899627685548},"rotation":{"x":0.014700409024953843,"y":0.9266829490661621,"z":-0.03644639626145363,"w":0.3737885355949402},"size":269.4551086425781,"orthographic":false}