{"cameraMode":{"drawMode":0,"name":"Shaded","section":"Shading Mode"},"sceneLighting":false,"audioPlay":false,"sceneViewState":{"showFog":false,"showMaterialUpdate":false,"showSkybox":false,"showFlares":false,"showImageEffects":false,"showParticleSystems":false},"in2DMode":false,"pivot":{"x":-0.14693671464920045,"y":0.920819878578186,"z":-0.2571659982204437},"rotation":{"x":0.5532217621803284,"y":-0.13235712051391602,"z":0.08956238627433777,"w":0.8175609111785889},"size":2.8578836917877199,"orthographic":false}