{"cameraMode":{"drawMode":0,"name":"Shaded","section":"Shading Mode"},"sceneLighting":true,"audioPlay":false,"sceneViewState":{"showFog":false,"showMaterialUpdate":false,"showSkybox":false,"showFlares":false,"showImageEffects":false,"showParticleSystems":false},"in2DMode":false,"pivot":{"x":162.79425048828126,"y":-4.20002555847168,"z":48.21903991699219},"rotation":{"x":0.0821252316236496,"y":0.7126286625862122,"z":-0.08462722599506378,"w":0.6915591955184937},"size":222.07723999023438,"orthographic":false}